prenom,nom,Sexe,domicile,birthdate
Dania,Cullin,F,Malmö,1999-12-11
Anthia,Velick,M,Barcelona,2010-11-11
Taffy,Halsey,F,City of San Marino,1941-09-06
Valli,MacIntosh,F,Charlotte Amalie,2010-10-21
Gabi,Isidore,M,Novosibirsk,1976-11-18
Carly,Pascia,M,Rotterdam,1992-03-17
Mathilda,Vharat,F,Denpasar,1931-10-22
Ernesta,Palocz,F,Santiago de Cuba,1936-03-07
Deloria,Maurine,F,Cebu City,2013-04-29
Belva,Dawkins,F,Labasa,1961-05-24
Carilyn,Urania,F,Graz,1950-08-24
Edee,Kat,F,Vitória,1948-04-22
Regina,Phyllis,F,Perth,1975-06-12
Candy,Holtz,M,San Fernando,1937-05-31
Alisha,Terencio,M,Murmansk,1937-04-25
Sabina,Minetta,F,Mendoza,1988-01-10
Leeanne,Chauncey,M,Yangon,1985-08-20
Claresta,Keily,M,Cebu City,2008-02-11
Addia,Barney,M,Vilnius,1997-08-14
Berta,Bord,F,Birmingham,1931-11-28
Binny,Rosemary,M,Tabriz,2011-08-14
Priscilla,Callista,F,Multan,2017-07-19
Hope,Clarissa,F,Magadan,2006-12-03
Daune,Bigner,M,Whitehorse,1966-11-13
Deloria,Ariella,F,Ciudad del Este,1964-01-06
Aaren,Atonsah,M,Kraków,1939-02-14
Aili,Israeli,F,Vancouver,1948-09-10
Marsiella,Magdalen,M,Hanover,1941-03-31
Alex,Herrera,M,Taipei,2000-11-19
Andree,Bendick,M,New Delhi,2010-05-11
Elbertina,Wolfgram,F,Mendoza,1954-05-16
Alyssa,An,F,Kingston,1948-10-21
Emilia,Olnee,F,Tskhinvali,1935-11-20
Courtnay,Hepsibah,F,Turin,1936-11-08
Elbertina,Janene,M,Dalian,1964-10-01
Jordan,Burnside,M,Ciudad del Este,1937-07-23
Cyndie,Land,M,Paramaribo,1975-12-20
Ellette,Maribeth,F,Dushanbe,1931-11-29
Clementine,Zola,M,Tehran,1980-04-30
Gerianna,Esmaria,M,Cuiabá,2011-04-22
Mellicent,Lubin,M,Road Town,1993-08-20
Leontine,Lia,F,Puebla,1999-08-16
Rivalee,Toffic,M,Lubumbashi,1973-09-28
Kittie,Verger,M,Istanbul,1939-11-14
Kylynn,Longfellow,M,Angra do Heroísmo,1962-04-12
Nariko,Eiser,M,Mogadishu,1972-02-21
Janis,Donell,F,Calama,1962-05-11
Brietta,Radu,F,Cape Town,1958-01-29
Violet,Hamil,M,Norilsk,1984-07-01
Dyann,Dearborn,F,Daegu,2009-10-15
Fayre,Sisile,F,Dongguan,2001-07-21
Molli,Joni,F,Cologne,2003-08-08
Ronna,Lutero,F,Brasília,2018-12-23
Cristabel,Zenas,M,Suva,1968-04-10
Marjie,Jess,M,Quetzaltenango,2015-08-01
Binny,Land,F,Algiers,1978-03-13
Quintina,Delila,M,Antwerp,1974-10-11
Jessamyn,Hortensia,F,Banjul,1944-05-26
Fernande,Noelyn,M,Monterrey,1998-06-10
Sarette,Telfer,F,Melekeok,1965-05-29
Ariela,Killigrew,M,Barcelona,1938-10-08
Lanae,Rozanna,M,Shillong,1959-08-14
Rori,Ivens,F,Casablanca,1996-11-15
Vivia,Lorain,M,Quito,1961-10-15
Gianina,Kauppi,F,Hangzhou,1954-09-03
Aimil,Dichy,M,Mendoza,1988-10-24
Katharina,Kravits,M,Valletta,1945-06-09
Gerrie,Olin,M,Petropavlovsk-Kamchatsky,1945-12-18
Doro,Chick,F,Lobamba,2000-08-05
Dawn,Orpah,F,Paramaribo,1953-11-15
Ada,Rebecka,F,Faisalabad,2010-04-24
Devina,Celestine,F,Zamboanga City,1960-10-01
Cassandra,Katrine,F,Tampa,2015-11-21
Cassondra,Margarete,F,Padang,1949-04-02
Nickie,Verger,M,Timbuktu,1994-12-02
Gwenneth,Tyson,M,Konya,1931-09-05
Kirbee,Rolf,F,Nice,1974-05-12
Angela,Magnolia,F,São Paulo,1931-05-10
Christal,Mott,F,Christchurch,1983-03-07
Sharai,Kenney,F,Saint John,1973-08-27
Aubrie,Sadowski,M,Tbilisi,1973-12-12
Jan,Curren,M,Dunedin,1944-03-25
Joane,Francene,M,Mamoudzou,2018-11-03
Norine,Maples,M,Nagoya,1961-04-06
Karina,Kiersten,M,Dubai,1953-09-09
Leontine,Bonucci,M,Rio Branco,1995-12-10
Vita,Toni,F,Norilsk,1974-11-26
Nita,Velick,F,Nuuk,1968-05-04
Jemie,Isidore,M,Bratsk,1941-01-13
Winny,Mike,M,Amritsar,2016-10-18
Luci,Daniele,F,Gaborone,1990-04-23
Felice,Quinn,M,Iqaluit,1954-02-22
Cherrita,Delila,M,Cayenne,2011-09-15
Bobinette,Jacqui,F,Washington,2010-01-26
Jorry,Felizio,M,Vancouver,1954-10-24
Beth,Carmena,F,Medina,1993-05-24
Odessa,Dudley,F,Naples,2011-05-25
Joeann,Kravits,M,St. Louis,2009-12-07
Jacenta,Chaing,M,Luxembourg (city),1974-05-16
Chere,Bethany,F,Gdańsk,1950-08-10
Damaris,Rebecka,M,Mendoza,2016-10-31
Minne,Wittie,F,Barcelona,1974-03-01
Sibella,Sophronia,M,Minneapolis,2018-09-05
Elfreda,Trace,M,Tampere,1992-08-30
Vita,Joli,M,Shanghai,1939-02-03
Nita,Saree,F,Berlin,1974-10-03
Myriam,Pelagias,F,Santiago de Cuba,2002-06-19
Christian,Reinke,M,Doha,1997-09-03
Lanae,Laurianne,F,Salzburg,1935-02-13
Carolina,Ivens,M,Qingdao,2011-01-16
Nyssa,Tatianas,F,Yakutsk,1950-01-16
Peri,Adrienne,F,Dili,1976-11-27
Sherrie,Alcott,M,Manaus,1966-04-22
Arabel,Joni,F,Strasbourg,1968-03-26
Dione,Weaks,F,Konya,1990-05-10
Jillayne,Alwin,M,Iloilo City,1982-08-14
Benita,Lilas,F,Manaus,1939-02-22
Paola,Cohdwell,M,Wonsan,1988-06-11
Modestia,Lamoree,M,Tunis,1960-03-22
Laure,Lanita,F,Buenos Aires,2018-07-28
Merrie,Suzetta,M,Weno,1994-04-16
Petronia,Ulphia,M,Sukhumi,2009-12-08
Ruthe,Sidonius,F,Invercargill,1941-03-07
Cindelyn,Oneida,F,Cannes,2010-06-19
Leontine,Allina,M,Whitehorse,1946-12-16
Annora,Tryck,F,Guayaquil,1957-01-03
Lacie,Keelia,F,Maceió,2006-12-13
Bernie,Morehouse,M,Campo Grande,1944-08-19
Jaime,Gavrila,M,Cannes,2004-11-12
Helsa,Old,M,Bangalore,1977-08-30
Aurore,Neva,M,Bratislava,1988-12-22
Nita,Bates,M,Baku,1973-04-07
Ekaterina,Blase,F,Buenos Aires,1945-09-13
Aryn,Vivle,F,Bergen,1947-07-01
Alia,Ashely,M,Multan,1993-10-15
Robbi,Vanni,M,Port Louis,1950-05-07
Inga,Ahab,M,New Orleans,1942-08-28
Kamilah,Wilona,M,South Tarawa,1943-11-07
Alisha,Weitman,M,Ibiza,1966-09-25
Coral,Alejoa,M,Recife,1978-04-15
Ebonee,Manolo,F,Los Angeles,1974-01-19
Roxane,Hubert,M,Luxembourg (city),1991-04-06
Evaleen,Chem,M,Medellín,1936-06-15
Roslyn,Cosenza,F,Yaoundé,1962-07-30
Zia,Remmer,M,Hamilton,1966-08-19
Ardenia,Brittani,M,Kraków,1984-12-27
Sindee,Abbot,M,Moroni,1939-09-05
Valera,Ade,F,Dakar,2017-12-26
Paule,Zachary,M,Santa Cruz de Tenerife,2009-03-19
Sheelagh,Stuart,M,Las Palmas de Gran Canaria,1965-03-19
Alejandra,Esmaria,M,Ouagadougou,2011-11-30
Zia,Cloris,M,Asmara,1998-07-15
Laure,Natalia,M,Roseau,2013-11-19
Ilse,Elbertina,M,Chişinău,1997-08-24
Veda,Gualtiero,F,Ciudad del Este,1973-09-05
Alia,Gilbertson,F,Rabat,1999-04-25
Nerta,Chauncey,M,Port Vila,1967-06-28
Katleen,Borrell,M,Saskatoon,1939-06-23
Lexine,Wooster,F,Chongqing,1948-06-24
Sandie,Garbe,M,Dededo,1943-01-02
Belinda,Johnsson,M,Port Elizabeth,1990-07-26
Joy,Morehouse,F,Blantyre,2018-08-25
Ayn,Garrison,F,Lomé,1997-06-07
Libbie,Eugenia,F,Porto Velho,1930-02-14
Mireielle,Vilma,F,Hargeisa,1969-05-10
Rosabelle,Goerke,F,Sukhumi,1939-03-06
Marinna,Fiester,M,Tegucigalpa,1975-07-30
Ezmeralda,Huggins,F,Manama,1965-02-22
Corene,Forrer,M,Shijiazhuang,1944-04-11
Merry,Darrell,F,Rio de Janeiro,1934-10-20
Olivette,Docilla,M,San Juan,2000-08-26
Rosanne,Pulsifer,F,Sydney,1975-11-22
Willetta,Wiener,F,Columbus,1981-07-11
Molli,Lorenz,F,Denver,1942-01-11
Shirlee,Kiersten,F,Palikir,1986-01-30
Shaine,Ricki,M,Luxor,2018-06-25
Edyth,Himelman,M,Chaguanas,2007-08-10
Elsie,Darian,F,Omsk,1947-04-20
Isa,Bakerman,M,Vilnius,1991-06-01
Kathi,Cullin,F,Lubumbashi,1969-12-06
Anica,Fillbert,M,Tamale,2015-03-06
Max,August,M,Iqaluit,1947-03-12
Rani,Rillings,M,Libreville,1958-01-26
Roxane,Jobi,M,Jamestown,2010-02-02
Ermengarde,Wittie,F,Harbin,1974-07-23
Sabina,Schalles,F,Alofi,1977-12-18
Carmencita,Wallis,M,Alexandria,1935-02-22
Sophia,Seagraves,F,Los Angeles,1953-06-23
Silvana,Darbie,F,Ponta Delgada,2016-02-17
Kittie,Podvin,M,Kingstown,2004-03-08
Kristan,Terrence,F,Nanning,1995-07-02
Fayre,Garrison,F,Denpasar,1958-12-28
Kerrin,Barney,F,Juneau,1957-07-12
Dorthy,Matthew,F,Linz,1971-11-21
Alex,Bartlett,M,St. John's,1970-11-08
Mellicent,Kirbee,F,Road Town,1956-01-22
Jasmina,Smitt,M,Iquique,1964-10-21
Pollyanna,Iiette,M,Perm,1972-09-07
Annecorinne,Verger,F,Pontianak,1932-03-07
Cordi,Connelly,M,Yamoussoukro,1979-06-20
Janis,Vins,M,Maracaibo,1978-11-06
Kamilah,Behre,M,Jakarta,1994-07-18
Rosabelle,Rebecka,M,Port Vila,2003-07-21
Viki,Rillings,M,Melekeok,1981-09-22
Margalo,Raimondo,M,Srinagar,1961-08-05
Oona,Lytton,F,Washington,1979-12-20
Jaime,Riva,M,Amritsar,1932-05-15
Renae,Hebner,M,Jerusalem,1975-03-18
Maye,Chesna,F,N'Djamena,1957-08-08
Nikki,Odell,M,Fukuoka,2009-11-30
Alyda,Connelly,F,Ürümqi,1947-12-02
Janenna,Cassius,F,Providence,1952-09-13
Myriam,Bennie,F,Wuhan,1933-08-15
Ardeen,Noelyn,M,Canberra,2001-12-22
Yetty,Koziara,M,Ponta Delgada,2003-11-26
Christy,Peonir,F,Zanzibar City,2001-02-22
Kathi,Lalitta,F,Belfast,1932-09-29
Britni,Winnick,M,Balikpapan,1977-05-26
Mireielle,Georas,M,Alofi,1955-08-04
Maurene,McCutcheon,M,Ponta Delgada,1964-09-06
Orsola,Lutero,F,Madrid,1932-01-22
Zsa Zsa,Blake,F,Maracaibo,1974-09-17
Corry,Eben,M,Kuwait City,2011-05-23
Sallie,Karylin,M,Medan,2009-06-22
Corly,Hessler,M,Houston,1995-05-05
Georgina,Revkah,M,City of San Marino,1958-03-07
Annice,Engdahl,F,Ludhiana,2004-07-11
Darlleen,Stephie,M,Munich,1989-11-17
Roseline,Trey,M,Chicago,2001-07-24
Evita,Armanda,M,Basse-Terre,1941-02-21
Nanete,Flyn,M,Ljubljana,1960-04-09
Lindie,Danby,F,Ndola,2009-09-23
Kassey,Douglass,F,Vaduz,1996-06-02
Christal,Elo,F,Edmonton,1952-11-23
Melanie,Anestassia,F,Naypyidaw,1960-09-12
Jsandye,Trey,M,Riga,1950-01-01
Arabel,Berl,M,Tskhinvali,1972-11-11
Dorothy,Diogenes,F,Mumbai,1963-10-07
Lizzie,Mullane,M,Tskhinvali,1935-11-02
Olivette,Scammon,F,Ulan Bator,1946-03-14
Hyacinthe,Alejoa,M,Mersin,1989-01-15
Selma,Bouchard,F,Davao City,2016-05-08
Philis,Destinee,M,Campinas,1966-12-25
Helena,Saree,F,Montevideo,2014-10-29
Melisent,Pearse,F,Nairobi,1998-03-03
Kaia,Louanna,F,Raleigh,2004-04-27
Meg,Dominy,F,Jaipur,2005-08-31
Carly,Harriman,F,Kanpur,1991-04-20
Dagmar,Melan,F,Mérida,2005-11-02
Nikki,Jeanne,M,Denver,1959-03-20
Dianemarie,Raffo,M,Nanning,1936-05-25
Lucy,Clywd,F,Tashkent,1993-06-15
Jaclyn,Natalia,M,Johor Bahru,1976-04-04
Tracey,Telfer,F,Lilongwe,2004-05-25
Agathe,Aldric,M,Malé,1944-07-26
Lily,Norrie,F,Indianapolis,1988-04-24
Penelopa,Crudden,F,Austin,2010-09-20
Constance,Wu,M,Chişinău,2006-05-27
Sandie,Darbie,M,Incheon,1955-06-16
Amara,Diogenes,M,Saipan,1983-01-12
Mildrid,Sparhawk,M,Mwanza,1960-11-12
Meriel,Morehouse,M,Kingstown,1954-10-15
Frances,Etom,M,El Aaiún,1938-05-01
Mady,Stephie,F,Kuwait City,1994-09-02
Elfreda,Amethist,M,Paramaribo,1974-06-15
Theodora,Allys,M,Taiyuan,1991-06-07
Shandie,Sandye,F,Kandy,1940-09-03
Lindie,Ralfston,M,Ilhéus,2003-03-15
Elka,Amand,M,São José dos Campos,1934-04-29
Frances,Howlyn,M,Kyoto,2004-05-24
Vanessa,Velick,F,Nakhon Ratchasima,1941-02-27
Orsola,Sammons,M,Reykjavík,1950-01-04
Rubie,Hunfredo,M,Kuwait City,1941-07-12
Hope,Lorain,F,San Salvador,2010-11-22
Kelly,Lia,F,Montevideo,1963-03-16
Tina,Teddman,M,Rochester,1976-06-30
Tarra,Delila,F,Honolulu,1973-07-24
Nanete,Alrich,F,Jayapura,2017-10-01
Kimmy,Eldrid,F,Luxor,2010-07-20
Misha,Tjon,M,Nicosia,1957-09-09
Maryellen,Susannah,F,Xi'an,2013-05-31
Sean,Stuart,F,Recife,2016-02-10
Marylou,Letsou,F,San Diego,1987-05-10
Winifred,Pitt,M,Tucson,1937-02-19
Eolanda,Raama,M,Hilo,1956-10-13
Esmeralda,Sekofski,F,Mogadishu,1949-08-08
Minda,Vary,F,Hagåtña,1969-11-24
Andree,Raffo,M,Athens,1999-01-23
Caressa,Myrilla,M,Cannes,1933-08-19
Jsandye,Lamoree,F,Bloemfontein,1974-02-04
Viviene,Kannry,F,Nukus,1981-03-08
Lonnie,Denis,M,Tashkent,1982-11-09
Audrie,Taam,M,Malé,2002-08-02
Merci,Fennessy,M,Malabo,1935-05-21
Calla,Shaver,F,Santiago de Cuba,2001-01-11
Winny,Brandice,M,Pittsburgh,2016-10-16
Dari,Arley,M,Washington,1974-10-23
Shandie,Alva,F,Denpasar,2019-01-18
Elka,Parette,M,Abidjan,2007-09-19
Amara,Wilkinson,F,Tirana,1946-10-27
Heida,Guthrie,F,Innsbruck,1960-01-13
Bettine,Gavrila,M,Chişinău,1935-12-27
Aubrie,Malvino,M,Yangon,1986-12-14
Mignon,Barrus,M,Almaty,1945-04-06
Nelle,Wandie,F,Salzburg,1969-06-01
Addia,Narton,M,Dhaka,1966-09-02
Darlleen,Elo,M,Shillong,1944-03-08
Valli,Lasley,M,Seoul,2003-08-24
Sissy,Wyn,M,Medan,1976-09-25
Rivalee,Lubin,F,Konya,1931-08-17
Ruthe,Tamar,F,Da Nang,1972-09-10
Hildegaard,Melan,F,Lisbon,1932-01-29
Alexine,Holtz,M,Split (city),2006-12-13
Vivia,Quinn,F,Moscow,1968-01-29
Ileana,Dreda,M,Milwaukee,1950-12-27
Rosanne,Bendick,F,Tórshavn,1997-12-12
Blake,Gavrila,F,Salt Lake City,1982-10-14
Thalia,Cath,M,Wichita,2001-05-25
Janey,Hilbert,M,Marseille,2016-09-08
Jessamyn,Eugenia,M,Albuquerque,1958-11-03
Nanete,Remmer,M,Enugu,1942-01-22
Philis,Adamsen,F,Copenhagen,1987-08-08
Marleah,Mehalek,M,Timbuktu,1961-06-04
Concettina,Daniele,F,South Tarawa,2019-11-13
Pamella,Janith,F,Cairo,1963-12-28
Edee,Elbertina,M,Abu Dhabi,1976-10-19
Sophia,Clywd,M,Port Louis,2001-08-17
Winifred,Capello,F,Malé,1985-03-02
Darci,Brian,M,Valencia,2015-10-29
Miquela,Haldas,F,Kraków,1960-04-12
Mureil,Madox,F,Bandar Seri Begawan,1983-07-26
Meriel,Lytton,M,La Serena,1940-12-29
Adore,Tarrant,F,Belmopan,1994-09-03
Randa,Hortensia,F,Ludhiana,2009-03-06
Linet,Gaspard,M,Assis,1937-09-10
Shaylyn,Aida,M,Marseille,2001-01-24
Halette,Bandeen,M,Ipoh,1947-12-24
Meg,Emerson,F,Nukuʻalofa,1980-08-13
Elmira,Mauer,M,Bamako,2016-10-03
Anallese,Rudolph,F,Zagreb,1988-12-05
Eolanda,Travax,F,Siem Reap,1953-05-20
Letizia,Zenas,M,Valparaíso,2011-07-05
Trixi,Amadas,F,Gaza,2006-05-11
Trixi,Emanuel,M,Udon Thani,1996-03-04
Marita,Mozelle,F,Bridgetown,2017-11-08
Betta,Trace,M,Tampere,2012-04-30
Carmencita,Greenwald,M,Iqaluit,1973-07-20
Tabbatha,Moina,F,Willemstad,2008-01-22
Grier,Berriman,M,Riverside,2005-10-21
Marjie,Jethro,M,Oklahoma City,2019-03-16
Lelah,Demitria,M,Sana'a,2005-05-10
Kial,Melony,M,Patna,1973-08-20
Noelle,Prober,M,Porto Velho,1984-08-04
Tina,Hepsibah,M,Phnom Penh,2011-10-17
Trudie,Curren,F,Belém,1992-09-20
Selia,Wenoa,M,Bandar Seri Begawan,1978-03-16
Hyacinthe,Erskine,M,Sarajevo,2006-12-29
Stevana,Monaco,F,Pago Pago,1973-05-12
Cristine,Dominy,F,Ndola,1966-04-02
Kathi,Lia,F,Saint-Denis,2014-10-30
Lila,Pelagias,M,Tucson,1975-12-04
Hollie,Lory,M,Aarhus,2016-07-09
Ethel,Natalia,M,Konya,1937-10-24
Elie,Laverne,M,Algiers,1939-09-17
Hettie,Cottle,M,Denpasar,2019-11-24
Fanny,Isidore,F,Cartagena,1976-05-04
Audrie,Yoko,F,Mérida,2009-04-01
Barbara,Malina,M,Indianapolis,1961-04-11
Helena,Bonilla,F,Bangkok,1983-01-15
Quintina,Forrer,M,Jacksonville,1959-11-24
Olivette,Boycey,F,Buenos Aires,1977-12-22
Elbertina,Jerald,F,Frankfurt,1975-09-23
Pierette,Deny,M,Chihuahua,1999-12-05
Brena,Ajay,F,Iloilo City,1942-12-22
Lilith,Bluh,M,Abidjan,2012-01-24
Alia,Norvol,F,Almaty,1994-01-03
Cam,Matthew,M,Bangalore,1939-01-21
Rosaline,Louanna,F,Handan,2008-01-04
Lenna,Cherianne,M,Asunción,1935-04-26
Dorothy,Cohdwell,M,Omdurman,1974-03-30
Sarette,Vittoria,F,Darwin,1955-02-14
Nananne,Wattenberg,F,Pontianak,1971-01-19
Nariko,Peg,F,Brussels,1960-03-06
Clo,Tamar,M,Horta (Azores),1969-01-12
Leeanne,Cornelia,M,Patna,1955-02-01
Miquela,LaRue,F,Lima,1965-07-27
Sheree,Tice,F,Bursa,1999-01-17
Gaylene,Abbot,M,Rotterdam,1943-07-28
Demetris,Pandolfi,M,Baghdad,1992-02-03
Rochette,Talia,M,Cuiabá,1961-01-05
Minda,Pettiford,M,Jinan,2008-01-07
Beth,Fry,M,Horta (Azores),2003-06-05
Dianemarie,Ursulette,F,Porto Velho,1992-09-26
Maurene,Fontana,F,Tegucigalpa,1952-03-06
Jennica,Baptlsta,F,Norilsk,1960-03-20
Alejandra,Shields,M,Birkirkara,2006-02-22
Renae,Iiette,F,Stuttgart,1990-02-23
Alisha,Telfer,F,Ulan Bator,2016-03-02
Roxane,Delila,F,Split (city),2007-03-09
Yetty,Dannye,M,Koror,1993-05-28
Yvonne,Scammon,F,Honiara,1964-09-30
Lory,Janith,M,Incheon,1958-12-14
Jere,Vittoria,M,Tbilisi,1952-09-11
Kayla,Nea,F,Thimphu,1951-11-09
Oona,Maisey,M,Jaipur,1983-03-14
Sidoney,Tengdin,M,Lyon,1992-03-15
Christal,Elbertina,M,Pretoria,1992-11-26
Valera,Ax,F,Adana,1986-09-28
Debee,Tippets,M,Oslo,1959-08-26
Katleen,Goddard,F,Mérida,1957-01-14
Gloria,Charmine,F,Samara,1993-08-06
Mamie,Israeli,F,Munich,1958-04-06
Collen,Maurine,M,Mamoudzou,1991-05-23
Mignon,Rocray,F,Hat Yai,1958-10-18
Gerrie,Tillford,M,Campinas,1942-09-25
Talya,Maribeth,F,Baghdad,1964-01-20
Ulrike,Tamar,M,Saint Petersburg,2009-04-09
Karena,Susannah,F,Batticaloa,2011-04-12
Yolane,Goddard,M,Udon Thani,2006-06-03
Jordan,Cynar,F,Bulawayo,1988-12-22
Loree,Justinn,M,Pattaya,1976-06-11
Shandie,Calhoun,F,Surat Thani,1984-12-13
Tressa,Daveta,F,Tucson,1936-12-30
Phylis,Wu,F,Roseau,1945-07-13
Codie,Remmer,F,Roseau,2007-04-10
Janis,Ogren,F,Dalian,1996-07-05
Dotty,Gordon,F,Birkirkara,1994-02-11
Agnese,Berne,F,Lahore,1950-05-26
Alisha,Kelula,M,Kingston,1955-02-08
Addia,Zuzana,F,Cape Town,1949-10-20
Lizzie,Morgun,M,Lanzhou,1998-06-12
Sheelagh,Rebecka,F,Zapopan,2007-08-19
Debee,McCutcheon,F,Townsville,1942-10-08
Marcelline,Mata,F,Edmonton,1976-01-09
Bee,Lucienne,F,Boa Vista,2013-10-26
Lila,Kauppi,F,Brisbane,1955-04-22
Lory,Kamaria,M,Apia,2010-10-19
Katharina,Margret,F,Road Town,1982-04-16
Concettina,Fiann,M,Doha,2007-08-17
Kayla,Bettine,F,Medan,1967-03-25
Cristabel,Jefferey,F,Chişinău,1943-09-29
Edith,Lamoree,F,Libreville,1942-10-01
Mara,Abbot,F,Maputo,1982-03-25
Annice,Nikaniki,M,Washington,1958-03-04
Ottilie,Brandice,F,Palikir,1981-09-12
Consuela,Arquit,F,Dar es Salaam,2004-11-16
Veda,Kenney,M,Helsinki,1947-11-17
Liana,Trace,M,Pontianak,2007-04-29
Janey,Roarke,M,Hanga Roa,2016-04-24
Olwen,Ulphia,M,Majuro,1952-04-23
Korrie,Daveta,F,Sitka,1935-01-11
Rozele,Daveta,F,Dallas,1955-11-14
Miquela,Hedve,M,Muscat,2001-03-02
Roslyn,Gaspard,F,Luanda,1972-12-22
Dorthy,Afton,F,Shanghai,2008-10-02
Darlleen,Telfer,F,Tampa,1999-07-05
Lynea,Colyer,F,Stanley,1991-07-28
Catharine,Kesley,M,Durango,1939-11-05
Judy,Shirberg,M,Taiyuan,1990-06-05
Sonni,Ambrosia,M,Nouakchott,1946-04-22
Danny,Bonucci,M,Taiyuan,1988-04-15
Cyb,Sholley,M,Calgary,1999-03-16
Ginnie,Cassius,F,Chengdu,1989-02-08
Basia,Maples,M,Dibrugarh,1941-09-04
Latisha,Alejoa,M,Antofagasta,1970-10-20
Charissa,Taam,F,Pyongyang,2011-04-19
Elora,Gilmour,F,Kunming,1967-06-07
Selia,Revkah,M,Kathmandu,1960-12-07
Rebeca,Edee,M,Cape Town,2000-03-24
Gertrud,Chauncey,F,Medina,1967-04-23
Deedee,Duwalt,F,Koror,2010-06-19
Dede,Garbe,M,Hargeisa,1995-08-29
Rhoda,Millda,F,Durango,1966-06-04
Arabel,Plato,M,Rockhampton,1931-06-28
Merrie,Santoro,M,Kobe,1977-04-15
Flory,Azeria,M,Ankara,1937-09-16
Kathi,Ammann,M,Pelotas,1979-12-01
Judy,Kermit,F,Konya,1946-10-15
Sue,Georgy,M,Oklahoma City,1934-01-13
Selia,Publia,F,Dushanbe,1938-03-23
Aurore,Delp,M,Antwerp,1939-02-02
Orelia,Raseda,M,Tirana,1972-02-13
Shell,Thomasina,F,Pelotas,1959-12-10
Bobbi,Muriel,F,Toulouse,1950-07-31
Kirstin,Karna,M,Barcelona,1980-07-16
Fayre,Selway,F,Charlotte Amalie,1959-04-01
Giustina,Behre,M,Paris,1956-11-07
Andree,Old,F,Sabha,1984-04-29
Teddie,Land,F,Ibadan,1945-04-07
Doralynne,Saunderson,F,Hargeisa,1988-09-03
Carree,Nerita,M,Berlin,1942-06-23
Brynna,Seumas,M,Abu Dhabi,1930-08-10
Dotty,Poll,F,Asmara,1963-06-09
Babita,Guthrie,F,Asunción,2005-01-05
Elfreda,Weinreb,F,Mogadishu,2009-11-12
Tierney,Lorain,M,Murmansk,1952-05-21
Margalo,Campball,F,Sacramento,2016-03-07
Jacquetta,Nahum,M,Taipei,1933-12-18
Dale,Christal,M,Ushuaia,2011-04-08
Genevra,Blake,M,Kunming,2006-10-08
Katharina,Artie,F,Buffalo,2001-02-27
Donnie,Rosalba,M,Hanoi,1936-05-30
Ebonee,Ochs,F,Bujumbura,1969-07-17
Wilma,Poppy,M,Chicago,1989-04-30
Betta,Vharat,F,Nagpur,1998-09-03
Cherilyn,Gahl,M,Damascus,2003-09-22
Tami,My,F,Kandy,1981-06-04
Madalyn,Ralfston,M,Fairbanks,1970-11-15
Priscilla,Odell,F,Marrakech,1980-03-24
Livvyy,Willie,M,Mecca,1970-10-12
Shauna,Gusella,F,Puebla,2008-04-14
Moyna,Lymann,M,Budapest,1947-12-06
Aeriela,Ajay,M,Strasbourg,1933-06-14
Darlleen,Merriott,M,Jerusalem,1954-09-27
Joane,Colbert,M,Glasgow,2019-02-25
Tonia,Xerxes,M,Timbuktu,1940-04-28
Rebeca,Chabot,M,Mexico City,1988-08-20
Gale,Geffner,M,Düsseldorf,2016-08-17
Joeann,Ammann,M,Tegucigalpa,1978-05-22
Lily,Othilia,F,Gdańsk,1985-11-04
Phedra,Aaberg,F,Agartala,1974-05-08
Clarice,Hartnett,F,Rio de Janeiro,2019-01-25
Sandie,Raama,F,Taipei,2001-04-05
Ellette,Nance,F,Jeddah,1972-09-28
Pamella,Odysseus,M,Lucknow,1982-09-12
Brynna,Sigfrid,M,Sana'a,1974-08-21
Thalia,Bashemeth,M,Newcastle,1947-04-24
Farrah,Roarke,F,Balikpapan,1945-12-07
Sindee,Hartnett,M,Rabi Island,1947-04-06
Flory,Ovid,M,Nizhny Novgorod,1944-09-26
Carlie,Bebe,M,Chongqing,1947-08-26
Rosene,Rheingold,F,Fortaleza,1958-11-08
Maryellen,Gualtiero,M,Iquique,2005-10-04
Magdalena,O'Carroll,F,Lviv,1956-09-04
Lacie,Frodi,M,Bilbao,1932-06-13
Micheline,Marden,F,Damascus,1933-09-18
Courtnay,Lay,F,Port Moresby,1975-02-05
Elora,Milde,F,Austin,1959-07-10
Micheline,Tomasina,F,Jacksonville,1950-05-26
Fawne,Jerold,F,Damascus,1936-05-25
Zondra,Abbot,F,Perth,1941-01-21
Deedee,Brady,M,Charlotte Amalie,1952-04-13
Moyna,Lasley,M,Simferopol,2003-06-10
Ida,Rhu,F,Quebec City,2019-02-16
Merci,Sprage,M,Yaren District,1956-10-03
Eadie,Lia,M,Koror,1952-06-16
Meriel,Giff,F,Maracaibo,1937-11-01
Correy,Bonucci,M,Nantes,1985-06-05
Yetty,Fry,M,Rabi Island,1948-08-26
Lenna,Latini,F,Port Said,1970-05-09
Sarette,Newell,M,Gibraltar,1984-11-17
Codie,Daegal,M,San José,1977-12-15
Kara-Lynn,Dash,M,Nassau,1936-04-22
Felice,Rillings,M,Mersin,1935-12-04
Concettina,Haymes,F,Thessaloniki,1979-11-01
Jacquetta,Ashok,F,San Juan,1977-12-02
Lulita,Laverne,M,Suva,1959-11-11
Linet,Goddard,F,Belfast,1935-08-02
Marcelline,Bandeen,M,Moscow,2012-12-18
Regina,Genna,M,Lanzhou,1930-05-04
Julieta,Willie,M,Brisbane,1971-01-09
Amara,Palocz,M,Thessaloniki,1995-12-24
Judy,Leler,M,Ponta Delgada,1953-01-10
Aimil,Danby,F,Amman,1971-08-27
Gabi,Wind,F,Ankara,2002-12-11
Kaja,Yorick,F,Jacksonville,1986-12-28
Nickie,Lytton,F,Washington,1954-08-19
Christal,Deegan,F,Kinshasa,1945-12-08
Sue,Oster,F,Samara,1953-05-06
Peri,Donell,M,Curitiba,1941-03-12
Maridel,Knowling,M,Ibadan,2015-12-26
Lory,Johnsson,F,Jamestown,1976-03-29
Cristine,Bertold,M,Boston,1947-03-20
Jenilee,Reneta,M,Khartoum,1965-06-18
Raquela,Cimbura,F,Udon Thani,2016-01-07
Kimberley,Raseda,M,Sydney,1994-02-13
Brana,Urania,M,Sarajevo,1934-03-20
Mignon,Winthorpe,F,Iqaluit,1950-07-06
Chandra,Dorcy,F,Port Said,1977-11-02
Adriana,Syd,M,Gangtok,1967-04-14
Joelly,Sophronia,M,Srinagar,1934-10-01
Sheree,Madelene,F,Cebu City,2009-04-09
Gloria,Brady,F,Kaesong,1984-09-14
Marsiella,Bartlett,F,Cebu City,1970-01-28
Selma,Bethany,M,Chicago,1930-09-09
Annabela,Garbe,M,Zhengzhou,2016-07-12
Tami,Radu,M,Dushanbe,1954-09-12
Ellette,Ashok,F,Damascus,2015-03-27
Blinni,Leler,M,Bandung,2007-09-10
Ginnie,Devlen,M,Weno,1932-07-03
Marsiella,Bates,M,Srinagar,1956-06-27
Noelle,Dex,M,Houston,2015-06-13
Lanae,Teddman,M,Kota Bharu,2015-06-20
Karolina,Jena,F,Gold Coast,1978-03-15
Alejandra,Quent,F,Hiroshima,1972-01-06
Cherrita,Mandler,M,Anchorage,1959-11-03
Bernie,Granoff,F,Shigatse,1975-11-20
Reeba,Gillan,M,Thessaloniki,1984-04-24
Imojean,Iiette,M,Lubumbashi,2013-06-14
Joy,Tice,M,St. Louis,1945-03-16
Magdalena,Bearnard,F,Vilnius,1996-03-30
Zondra,Sammons,M,Multan,1953-04-18
Teddie,Old,M,Novosibirsk,1953-01-27
Nyssa,Berard,M,La Serena,1944-02-14
Basia,Sinegold,M,Hanoi,2008-05-12
Louella,Vivle,M,Dublin,1952-07-17
Tressa,Waldron,F,Pretoria,2007-06-23
Anica,Michella,F,Birmingham,1946-05-13
Myriam,Denis,F,Belém,1936-10-10
Karina,Gregrory,M,Gaza,1931-04-22
Jean,Jacinda,F,Kandy,1960-05-24
Olivette,Abernon,M,Kuching,1979-09-13
Gretal,Dex,F,Kingstown,2003-02-27
Florencia,Carlson,F,Mexicali,1988-12-05
Roseline,Colyer,F,Hanoi,1979-01-15
Ronna,Prouty,M,San Francisco,1985-11-29
Genevra,Ezar,F,Bergen,2006-10-30
Lita,Phaidra,M,Suez,1931-05-03
Wilma,Madaih,M,Macapá,1975-04-07
Gerrie,Wittie,M,Valencia,1944-02-19
Arlena,Killigrew,M,Saint Petersburg,1934-01-02
Rhea,Buckler,F,Horta (Azores),1949-01-31
Babita,Nea,M,Munich,1950-02-05
Aaren,Sparhawk,M,Split (city),1995-01-16
Roz,Hutchison,M,Dodoma,1962-06-22
Mathilda,Toffic,F,Medan,1984-08-23
Elsie,Infield,M,Chicago,1932-11-24
Emilia,Alarise,M,Shigatse,2007-06-30
Esmeralda,Aprile,M,Port Elizabeth,1961-09-03
Albertina,Rolf,M,Damascus,1997-08-04
Elsie,Chrystel,F,Mexicali,1977-12-20
Leeanne,Montgomery,F,Málaga,2019-04-19
Lita,Olnee,M,The Valley,1956-12-10
Isa,Seumas,M,Nashville,2019-05-01
Alia,Dudley,M,Shillong,1986-02-23
Jasmina,Levey,M,Budapest,1932-08-16
Bernardine,Adamsen,M,Mata-Utu,2018-04-03
Linet,Brunell,F,Puebla,1966-07-01
Mildrid,O'Rourke,F,Luxor,1976-09-26
Elyssa,Giule,F,Dallas,2013-05-13
Norine,Ardra,M,Nagpur,1969-03-17
Estell,Catie,M,Chittagong,2009-09-12
Charissa,Howlyn,M,Anchorage,1949-09-13
Grier,Chapland,M,Saint Petersburg,2013-07-05
Ardenia,Larochelle,M,Tehran,1975-01-12
Ketti,Nelsen,M,Detroit,1993-02-24
Dari,Whiffen,M,Yellowknife,2012-06-23
Melanie,Nickola,F,Mexicali,2014-01-03
Wilma,Halsey,M,Lomé,1958-10-28
Sherrie,Nea,M,Sapporo,2009-04-07
Celestyna,Ranjiv,F,Marseille,1945-02-16
Helena,Seumas,M,Lanzhou,1965-07-29
Nonnah,Monk,F,La Serena,1949-06-28
Clary,Arne,M,Rockhampton,1987-04-17
Daune,Durware,F,Kaohsiung,1948-10-28
Nikki,Whiffen,F,Freetown,2000-07-08
Siana,Joni,M,Novosibirsk,2003-02-02
Nessie,Zina,M,Kuala Lumpur,1939-08-04
Marcy,Constancy,F,Makassar,2007-01-29
Imojean,Modie,M,Philadelphia,1950-02-18
Eugine,Waite,M,Oranjestad,2000-05-18
Margarette,Valoniah,M,Porto-Novo,1997-04-25
Maisey,Sharl,F,Port Hedland,2000-03-30
Marcelline,Cristi,M,Providence,1993-08-14
Kimberley,Kevon,M,Guatemala City,1961-02-07
Althea,Secrest,M,Munich,1936-12-30
Elka,Ailyn,M,Road Town,1984-04-17
Concettina,Bivins,M,Da Nang,1975-04-13
Shaine,Charmine,F,Hong Kong,1933-10-10
Dulce,Brady,M,Lahore,1946-03-26
Maridel,Rugen,F,Freetown,1993-01-07
Hope,Ranjiv,F,Ouagadougou,2005-04-16
Carly,Torray,F,Pretoria,2009-03-12
Feliza,Lattie,M,Durban,1940-09-26
Gale,Bouchard,M,Dar es Salaam,2011-07-04
Meg,Grosz,F,Medellín,1938-01-12
Miquela,Corilla,F,Yellowknife,1939-12-19
Ronna,Burnside,M,Vaduz,1944-08-08
Cherilyn,Maples,M,Las Vegas,1993-02-20
Tori,Grosz,F,Hamilton,1970-08-04
Aili,Ventre,M,Douala,1951-04-12
Janeczka,Sherrie,M,Córdoba,1945-04-22
Cristabel,Oneida,F,Charlotte,1984-01-07
Catharine,Leary,F,Zagreb,1982-08-29
Lindie,Afton,F,Dushanbe,2006-09-27
Agathe,Faso,M,Jersey City,2002-03-02
Mahalia,Hedve,M,Muscat,1963-06-11
Teriann,Yorick,M,Tripoli,1941-10-19
Starla,Brittani,M,Espoo,1962-07-05
Adore,Ursulette,F,Papeete,2009-09-04
Brana,Loeb,F,Bratsk,2015-10-08
Halette,Egbert,F,Thimphu,1989-01-22
Millie,Sadowski,M,Yakutsk,1944-09-03
Di,Casimir,M,Bangalore,2004-02-29
Adele,Old,F,Düsseldorf,2017-11-12
Doralynne,Noelyn,F,Francistown,1981-10-29
Viki,Karna,F,Zanzibar City,1982-06-03
Berta,Ackerley,M,Ciudad del Este,2004-08-04
Chickie,Alejoa,F,Thessaloniki,2012-05-13
Max,Stevy,F,City of Halifax,2015-09-04
Sidoney,Lamoree,F,Montevideo,1952-11-12
Magdalena,Caitlin,M,Alexandria,1963-07-22
Philis,Rustice,F,Chiang Mai,2012-04-10
Mamie,Wenoa,F,Veracruz,1978-07-21
Darci,Cleo,F,Belgrade,2002-04-26
Amalie,Ellord,F,Mersin,1954-09-01
Raina,Lamoree,F,Funafuti,1952-05-27
Cordi,Faria,F,Marseille,1998-05-11
Philis,Montgomery,M,Taichung,1945-10-13
Gertrud,Sekofski,M,Charlotte,1986-10-14
Jinny,Shirberg,F,Sarajevo,1965-02-08
Libbie,Toffic,M,Cebu City,1992-11-23
Amara,Callista,F,Peshawar,1950-03-09
Annaliese,Sammons,M,Tagbilaran,1998-03-20
Lorne,Stav,F,Havana,1998-12-24
Marjie,Harned,M,Yakutsk,1956-02-07
Carilyn,Ledah,M,Mexico City,2008-08-29
Kial,Dorine,F,Baku,1949-08-23
Cecile,Nore,F,Durban,1965-05-17
Jillayne,Ophelia,M,Bandar Seri Begawan,1966-01-10
Damaris,Euridice,M,İzmir,2016-02-19
Carilyn,Daegal,F,Vaduz,2007-12-05
Aimil,Pip,F,Tashkent,2018-05-29
Beatriz,Paine,M,Tirana,1996-11-05
Nanete,Jena,M,Lucknow,1962-08-25
Katleen,Hylan,M,Columbus,2016-03-22
Lizzie,Gaal,F,Melbourne,1937-12-09
Karolina,Mayeda,F,Gaziantep,1935-08-17
Belinda,Erminia,F,Birkirkara,1964-01-09
Jackie,Stacy,M,Kraków,1967-08-18
Fidelia,Pacorro,M,Malacca Town,1951-12-05
Neila,Bivins,F,Tijuana,1990-08-28
Patricia,Toni,F,Podgorica,1952-08-02
Jemie,Romelda,F,Espoo,1938-08-05
Nananne,Chick,M,Lviv,1938-02-08
Damaris,Anton,M,Iloilo City,2013-09-11
Hyacinthe,Stelle,F,Bahía Blanca,1957-02-22
Shel,Bethany,F,Alor Star,2007-10-20
Tierney,Keelia,F,N'Djamena,2011-07-03
Blake,Wenoa,M,Chihuahua,1989-10-08
Leia,Ingra,F,Bishkek,1989-09-27
Sheelagh,Eugenia,M,Guwahati,1988-11-11
Edyth,Hull,M,Mata-Utu,1970-09-14
Ginnie,Yuille,F,Rabat,1939-09-01
Anica,Etom,F,Bloemfontein,2013-06-07
Liana,Durware,M,Surat,1938-03-16
Jobi,Kaja,F,Dammam,2011-03-05
Sabina,Sheng,M,Xining,2004-08-17
Flory,Douglass,M,Espoo,1967-12-26
Rayna,Wenda,M,Sri Jayawardenapura-Kotte,1953-07-26
Shirlee,Ludewig,M,Gothenburg,1949-03-08
Chloris,Lutero,M,Wuhan,1931-10-11
Iseabal,Prober,F,Kaesong,1984-02-03
June,Sprage,M,Quebec City,1975-03-10
Mellicent,Briney,F,Toulouse,2010-04-20
Maye,Gaspard,M,Nukulaelae,1944-03-06
Lynde,Geffner,M,Marrakech,1963-10-15
Odessa,Maiah,M,Suva,1997-05-09
Pamella,Arquit,M,Changchun,1930-10-14
Rosanne,Juan,F,Christchurch,1930-06-08
Drucie,Ashely,M,Stepanakert,1974-02-12
Modestia,Wittie,F,Jersey City,1955-09-12
Kaia,Jeanne,F,Cayenne,1932-08-30
Jany,Bluh,M,Montreal,1933-06-03
Kayla,Madaih,M,Porto,2016-07-06
Agnese,Susannah,F,Changchun,1957-04-14
Lonnie,Ellerey,F,Horta (Azores),1984-08-14
Starla,Bultman,F,Tijuana,1999-01-23
Jenilee,Adamsen,F,Udon Thani,1938-11-23
Berta,Berard,M,Fukuoka,1959-08-08
Caryl,Bashemeth,M,Greenwich,2005-03-28
Bertine,Pearse,M,Memphis,2018-11-06
Kary,Haerr,F,Ljubljana,1931-02-09
Dorothy,Buttaro,F,Quezon City,1971-01-20
Randa,Millda,M,Lilongwe,1987-02-26
Olwen,Madelene,M,Shillong,1942-03-06
Agathe,Haldas,M,Louisville,1962-04-22
Briney,Pyle,F,Porto Velho,1966-12-13
Gwenneth,Persse,F,Johor Bahru,1958-07-31
Talya,Lissi,M,Yakutsk,1958-08-31
Ida,Fosque,M,Sofia,1957-05-29
Deane,Jerald,M,Charlotte Amalie,1970-12-17
Valeda,Niles,F,Porto Alegre,1992-05-13
Gisela,Publia,F,Cebu City,1979-07-07
Flo,Hanshaw,M,Porto-Novo,1998-06-08
Randa,Amadas,M,Mérida,1958-02-01
Estell,Aprile,M,New Orleans,1942-02-18
Valeda,Lea,F,Surabaya,2009-01-21
Ermengarde,Secrest,F,Kanpur,2015-11-14
Addia,Mozelle,M,Bandung,2002-03-30
Lanae,Federica,F,Ciudad del Este,2000-10-03
Georgina,Cordi,M,São Tomé,2017-12-10
Elie,Paine,M,Dodoma,1937-03-16
Vonny,Nadia,F,Juneau,2008-02-05
Iseabal,Anastatius,F,Luxembourg (city),1993-02-08
Maud,Dominy,M,Mexicali,1998-09-30
Alyda,Uund,F,Lubumbashi,2013-12-17
Orelia,Diann,M,Punta Arenas,1988-04-22
Violet,Norrie,F,Yangon,1980-01-12
Vivia,Harned,F,Brikama,2009-04-21
Imojean,Colp,M,Santiago de Cuba,1938-07-11
Tersina,Albertine,F,Linz,1932-08-13
Viviene,Kathie,F,Guadalajara,2014-01-08
Madeleine,Olin,F,Townsville,1967-08-07
Katleen,Delila,M,Bursa,1968-05-24
Jennica,Phaidra,M,Petropavlovsk-Kamchatsky,1973-12-17
Mady,Marcellus,F,Glasgow,1988-05-09
Karina,Pauly,F,Mersin,2013-01-10
Edith,Israeli,F,Buenos Aires,1966-09-02
Betta,Madaih,M,Thiès,1945-08-09
Damaris,Sabella,M,Cairns,2012-06-20
Kaja,Leary,F,Ahmedabad,1952-05-03
Sybille,Maurine,M,Pune,2002-01-22
Jinny,Palocz,F,Enugu,2014-03-22
Lusa,Glovsky,M,Recife,1952-05-19
Lila,Mendez,F,Malacca Town,1999-09-06
Jenda,Buffum,F,Atlanta,1971-07-20
Leeanne,Ralfston,M,Chennai,2004-08-18
Peri,Kristi,M,Ciudad del Este,2014-05-30
Elmira,Atcliffe,M,Valparaíso,1943-09-30
Raquela,Pitt,M,Chihuahua,2016-09-08
Ivett,Pillsbury,M,Jaipur,2012-03-16
Elvira,Si,F,Bogor,1940-09-05
Annaliese,Gibbeon,F,Nukuʻalofa,1943-07-09
Aurore,Prober,M,Lisbon,1994-12-08
Iseabal,Blake,M,Invercargill,1948-06-26
Kaia,Morrill,F,Malang,1947-04-08
Reeba,Erminia,M,Seoul,2001-07-06
Florencia,Sprage,M,Sana'a,1934-11-03
Imojean,Isacco,F,Gold Coast,1978-08-14
Aurore,Carbo,F,Makassar,2014-09-06
Jacenta,Warthman,F,Nagpur,1933-08-10
Rhea,Terrence,M,Fukuoka,1984-04-21
Gerianna,Lory,M,La Serena,1944-05-07
Berta,Hortensia,M,Mendoza,1996-08-10
Giustina,Miru,F,Paris,1947-01-28
Ardenia,Hieronymus,F,Thiès,2011-03-28
Gusty,Newell,M,Boston,1968-09-09
Donetta,Durante,M,Hamilton,1946-01-18
Arlena,Zaslow,M,Mendoza,1937-07-11
Lily,Brittani,F,Lusaka,1971-02-09
Bibby,Yorick,F,Manchester,2004-06-05
Wanda,Alejoa,M,Port Said,1939-09-15
Carol-Jean,Pyle,M,Mandurah,2008-10-04
Lynea,Carey,M,Karachi,1945-02-03
Eve,Lissi,F,Yangon,2019-04-24
Deedee,Behre,F,Campo Grande,1964-02-02
Joceline,Korey,M,Moscow,1943-08-02
Edyth,Lea,M,Campinas,1949-11-24
Lanna,Carmena,F,Odessa,1945-08-16
Donnie,Talia,F,Toronto,1963-10-27
Nyssa,Heidt,F,Perth,2004-02-19
Ernesta,Emanuel,M,Manzini,1971-11-06
Britte,Janith,M,Puebla,1999-03-11
Phylis,Lalitta,F,Manzini,1959-11-24
Ginnie,Atcliffe,M,Gangtok,1948-01-26
Oona,Calhoun,M,Tel Aviv,1939-04-10
Taffy,Fredi,F,Nairobi,1966-10-20
Pearline,Schenck,F,Ndola,1930-12-25
Alleen,Rodmann,M,Port Moresby,1975-08-16
Micheline,Madaih,F,Monaco,1968-08-17
Grier,Eno,F,Antwerp,2004-01-06
Tina,Arvo,M,Fort-de-France,1936-02-07
Rhea,Waldron,F,Minneapolis,1991-10-11
Sibella,Stav,M,Veracruz,1987-11-28
Blinni,Vale,M,Kuala Lumpur,1955-10-28
Sandie,Karylin,F,Port Vila,1931-08-20
Mureil,Mozelle,M,Multan,1999-08-08
Binny,Tiffa,F,Xi'an,1949-10-31
Oona,Haymes,F,Libreville,1938-11-10
Wynne,Joeann,F,Invercargill,1986-01-05
Oralee,Casimir,M,Aberdeen,1954-02-23
Lenna,Zenas,F,Padang,1956-08-26
Regina,Iphlgenia,F,Managua,1982-06-25
Harrietta,Jacobah,M,Athens,1936-04-17
Fina,Pattin,F,Yakutsk,1963-11-03
Sadie,Shama,M,Cusco,2009-06-20
Gilligan,Merriott,M,Yerevan,1992-02-23
Kaia,Maroney,F,Singapore,2012-05-30
Eve,Morrill,M,Mexico City,1955-10-11
Janenna,Rossner,F,Budapest,1984-11-01
Angelique,Ackerley,F,Saint John,1999-06-14
Arlina,Phaidra,M,El Paso,1971-03-30
Fred,Ader,M,Banda Aceh,1956-08-02
Annora,Allare,M,Hanover,1985-08-03
Almeta,Arne,M,Chihuahua,1975-06-16
Juliane,Nunci,F,Buffalo,1967-10-17
Cyndie,Kravits,F,Calgary,1961-10-21
Lily,Elephus,M,Juneau,1968-09-22
Daune,Mata,F,Busan,1950-12-13
Marinna,Truc,M,Chihuahua,1969-02-17
Gabi,Rebecka,F,Chihuahua,1999-02-20
Kristina,Belanger,F,South Tarawa,1948-06-24
Andeee,Schlosser,F,Ottawa,1980-08-04
Danika,Dom,F,Chuí,1941-08-19
Brandise,Rustice,F,Kandy,2019-02-02
Magdalena,Douglass,M,Cannes,1977-07-16
Tomasina,Dosia,F,Yamoussoukro,1987-11-18
Cathie,Marden,F,Apia,1983-06-30
Ursulina,Nerita,F,Lhasa,1990-02-22
Madelle,Greyson,M,Rabi Island,1988-01-26
Dari,Hessler,F,Udon Thani,1987-06-23
Asia,McLaughlin,M,Portland,1992-09-07
Perry,Cohdwell,M,Gaziantep,2017-02-08
Janis,Shields,F,Montreal,1989-11-25
Jsandye,Allina,F,Rawalpindi,1969-11-26
Aurelie,Kolnick,F,Dili,1980-07-08
Minda,Kristi,F,Johor Bahru,1941-04-28
Sindee,Bates,F,Fort-de-France,1993-11-04
Sue,Darbie,M,Nashville,1954-02-09
Thalia,Wittie,M,Da Nang,1947-12-14
Trixi,Natica,M,Atlanta,1988-03-15
Doro,Wolfgram,F,Valletta,1986-04-24
Consuela,Chabot,F,Changchun,2010-01-26
Violet,Bryna,F,Kolkata,1975-12-12
Miquela,Miru,M,Douglas,2003-09-30
Courtnay,Hortensia,F,Pretoria,1947-10-14
Mallory,Pearse,M,Veracruz,1946-01-26
Barbara,Hachmin,F,Banjul,1937-12-22
Orelia,Whiffen,F,Cannes,1975-09-03
Kristan,Lauraine,M,Thessaloniki,2003-04-17
Dode,Mozelle,M,Douala,1969-11-08
Susan,Cookie,F,Ljubljana,1984-12-18
Robbi,Fennessy,F,Casablanca,1998-01-12
Neila,Tarrant,F,Antananarivo,1987-07-25
Donnie,Clara,F,Hangzhou,1982-04-03
Fawne,Grobe,M,Ushuaia,1975-10-01
Sybille,Sparhawk,M,Pattaya,1988-08-22
Carilyn,Nester,M,Port Vila,1957-12-18
Donetta,Bobbee,F,Johor Bahru,1953-12-16
Annecorinne,Macey,M,Shigatse,1954-08-30
Ilse,Gale,M,Zamboanga City,1996-10-27
Albertina,O'Rourke,M,Pontianak,1940-11-20
Corene,Lory,F,Funafuti,1986-02-08
Reeba,Mathilde,M,Shijiazhuang,1989-02-11
Rori,Philipp,F,Córdoba,1949-06-06
Dagmar,Jacobah,M,Columbus,1957-09-26
Ann-Marie,Schroth,M,Tokyo,1950-04-20
Lacie,Corrine,M,Chuí,1986-09-08
Dyann,Nelsen,M,La Paz,2014-11-29
Antonietta,Euridice,M,Washington,2011-12-26
Fina,Drisko,F,Boa Vista,1956-01-28
Karlee,Truc,F,Tbilisi,1936-11-18
Bernie,Ade,M,Vienna,1947-08-16
Nicoli,Erich,F,Palembang,2016-09-21
Ardeen,Morrill,M,Fortaleza,1940-03-18
Leontine,Alejoa,M,Lubumbashi,1932-01-11
Donetta,Dowski,M,Virginia Beach,2017-01-30
Laurene,Uund,M,Hai Phong,2015-11-27
Sonni,Amadas,F,Fort-de-France,1968-10-13
Gavrielle,Eachern,F,Houston,2013-05-01
Joceline,Pip,M,Medellín,1983-01-20
Pollyanna,Thunell,F,Nantes,2017-04-07
Brooks,Sadowski,F,Apia,2008-10-18
Kristina,Vittoria,F,Curitiba,1980-02-07
Goldie,Chick,F,Asmara,1936-06-12
Bobinette,Brunell,F,Freetown,1993-04-27
Ardeen,Mott,M,Linz,1955-11-13
Dorene,Willie,M,Tampa,2002-02-24
Kaja,Cassius,M,Osaka,1933-11-23
Heida,Ardra,F,Khartoum,1957-05-02
Natka,Pulsifer,M,Chittagong,1961-07-03
Jennica,Alwin,M,Ludhiana,1937-06-22
Ezmeralda,Stevy,M,La Paz,1978-08-28
Larine,Shaver,F,Arbil,1935-07-29
Gianina,Morrill,M,Düsseldorf,1986-03-16
Emmey,Cecile,M,Pago Pago,2013-04-13
Aimil,Japeth,F,Newcastle,1960-07-07
Althea,Durante,F,San Carlos de Bariloche,1949-05-03
Felice,Shields,M,Tskhinvali,2015-08-30
Dacia,Joli,F,Sitka,1968-06-25
Blinni,Pulsifer,M,Charlotte Amalie,1941-12-16
Lisette,Sekofski,F,Malacca Town,1977-04-30
Lucille,Kristi,M,Lima,1967-09-21
Selma,Skurnik,M,Lviv,2003-06-02
Dacia,Janith,F,Novosibirsk,1989-05-21
Beth,Himelman,F,Changchun,1975-03-11
Nikki,Celestine,M,Providence,2017-01-09
Reeba,Nester,M,Campinas,2003-09-30
Mignon,Adlare,M,Mérida,1956-08-09
Karolina,Tamar,M,Tirana,2007-03-21
Lory,Morrill,F,Ljubljana,1966-09-17
Shannah,Halla,F,Prague,1952-11-30
Lily,Greenwald,M,Alofi,1972-07-22
Cristabel,Viddah,F,Pretoria,1971-11-09
Merci,Hashim,M,Leipzig,1989-03-07
Beth,Monk,M,Pittsburgh,1994-12-11
Eadie,Ruvolo,M,Puebla,1976-11-02
Natka,Pernick,F,Hangzhou,2004-05-31
Marjie,Natica,F,Thiès,1968-01-25
Ekaterina,Bettine,M,Athens,1983-12-14
Paola,Remmer,M,Ljubljana,2006-04-17
Margette,Garek,F,Tijuana,1961-12-08
Jillayne,Tomasina,M,Calgary,2014-07-03
Helena,Jethro,F,Jacksonville,2004-03-13
Dorthy,Kellby,F,Toulouse,2002-05-12
Mureil,Federica,M,Bogotá,1996-12-16
Micheline,Hoban,M,Wichita,2013-11-12
Josephine,Janith,M,Cardiff,1958-01-13
Blondelle,Maurine,F,Valletta,1986-06-17